{"cameraMode":{"drawMode":0,"name":"Shaded","section":"Shading Mode"},"sceneLighting":true,"audioPlay":false,"sceneViewState":{"m_AlwaysRefresh":false,"showFog":true,"showSkybox":true,"showFlares":true,"showImageEffects":true,"showParticleSystems":true,"showVisualEffectGraphs":true,"m_FxEnabled":true},"in2DMode":false,"pivot":{"x":-0.2252158373594284,"y":0.41224801540374758,"z":-0.39027637243270876},"rotation":{"x":0.11467400938272476,"y":0.3213639259338379,"z":-0.039240576326847079,"w":0.9391847252845764},"size":0.4659965932369232,"orthographic":false}